﻿type,condition,group,item,image1,image2,image3,image4,audio,sentence,question,question_pcibex
filler,match-match,A,101,young boy.png,old man.png,seagull.png,dress.png,youngboy-oldman_himself.wav,The young boy heard that the old man had positioned himself in the middle of the mess hall.,Who does 'himself' refer to?,Who does 'himself' refer to? Click on the picture.
filler,mismatch-match,B,101,young girl.png,old man.png,seagull.png,dress.png,younggirl-oldman_herself.wav,The young girl heard that the old man had positioned herself in the middle of the mess hall.,Who does 'herself' refer to?,Who does 'herself' refer to? Click on the picture.
filler,match-match,B,102,king.png,prince.png,sheep.png,chair.png,king-prince_himself.wav,The king knew that the prince had lost himself near the back of the store.,Who does 'himself' refer to?,Who does 'himself' refer to? Click on the picture.
filler,mismatch-match,A,102,queen.png,prince.png,sheep.png,chair.png,queen-prince_herself.wav,The queen knew that the prince had lost herself near the back of the store.,Who does 'herself' refer to?,Who does 'herself' refer to? Click on the picture.
filler,match-match,A,103,waitress.png,hostess.png,chameleon.png,toothbrush.png,waitress-hostess_herself.wav,The waitress knew that the hostess had injured herself in the brand new locker room.,Who does 'herself' refer to?,Who does 'herself' refer to? Click on the picture.
filler,mismatch-match,B,103,male waiter.png,hostess.png,chameleon.png,toothbrush.png,malewaiter-hostess_himself.wav,The male waiter knew that the hostess had injured himself in the brand new locker room.,Who does 'himself' refer to?,Who does 'himself' refer to? Click on the picture.
filler,match-match,B,104,mermaid.png,bride.png,spider.png,rope.png,mermaid-bride_herself.wav,The mermaid remembered that the bride had readied herself near the front of the plane.,Who does 'herself' refer to?,Who does 'herself' refer to? Click on the picture.
filler,mismatch-match,A,104,merman.png,bride.png,spider.png,rope.png,merman-bride_himself.wav,The merman remembered that the bride had readied himself near the front of the plane.,Who does 'himself' refer to?,Who does 'himself' refer to? Click on the picture.
filler,match-match,A,105,young boy.png,merman.png,hamster.png,candle.png,youngboy-merman_himself.wav,The young boy recalled that the merman had prepared himself in the brand new locker room.,Who does 'himself' refer to?,Who does 'himself' refer to? Click on the picture.
filler,mismatch-match,B,105,young girl.png,merman.png,hamster.png,candle.png,younggirl-merman_herself.wav,The young girl recalled that the merman had prepared herself in the brand new locker room.,Who does 'herself' refer to?,Who does 'herself' refer to? Click on the picture.
filler,match-match,B,106,old man.png,groom.png,sea lion.png,kite.png,oldman-groom_himself.wav,The old man learned that the groom had coached himself toward the back of the gym.,Who does 'himself' refer to?,Who does 'himself' refer to? Click on the picture.
filler,mismatch-match,A,106,old woman.png,groom.png,sea lion.png,kite.png,oldwoman-groom_herself.wav,The old woman learned that the groom had coached herself toward the back of the gym.,Who does 'herself' refer to?,Who does 'herself' refer to? Click on the picture.
filler,match-match,A,107,princess.png,hostess.png,gazelle.png,bottle.png,princess-hostess_herself.wav,The princess remembered that the hostess had cut herself behind a table in the shop.,Who does 'herself' refer to?,Who does 'herself' refer to? Click on the picture.
filler,mismatch-match,B,107,prince.png,hostess.png,gazelle.png,bottle.png,prince-hostess_himself.wav,The prince remembered that the hostess had cut himself behind a table in the shop.,Who does 'himself' refer to?,Who does 'himself' refer to? Click on the picture.
filler,match-match,B,108,queen.png,waitress.png,bird.png,pencil.png,queen-waitress_herself.wav,The queen recalled that the waitress had positioned herself next to a wheel on the bridge.,Who does 'herself' refer to?,Who does 'herself' refer to? Click on the picture.
filler,mismatch-match,A,108,king.png,waitress.png,bird.png,pencil.png,king-waitress_himself.wav,The king recalled that the waitress had positioned himself next to a wheel on the bridge.,Who does 'himself' refer to?,Who does 'himself' refer to? Click on the picture.
filler,match-match,A,109,male waiter.png,king.png,anaconda.png,socks.png,malewaiter-king_himself.wav,The male waiter heard that the king had a picture of himself in the middle of the mess hall.,Who does 'himself' refer to?,Who does 'himself' refer to? Click on the picture.
filler,mismatch-match,B,109,waitress.png,king.png,anaconda.png,socks.png,waitress-king_herself.wav,The waitress heard that the king had a picture of herself in the middle of the mess hall.,Who does 'herself' refer to?,Who does 'herself' refer to? Click on the picture.
filler,match-match,B,110,old man.png,young boy.png,coyote.png,goblet.png,oldman-youngboy_himself.wav,The old man knew that the young boy kept a photo of himself near the back of the store.,Who does 'himself' refer to?,Who does 'himself' refer to? Click on the picture.
filler,mismatch-match,A,110,old woman.png,young boy.png,coyote.png,goblet.png,oldwoman-youngboy_herself.wav,The old woman knew that the young boy kept a photo of herself near the back of the store.,Who does 'herself' refer to?,Who does 'herself' refer to? Click on the picture.
filler,match-match,A,111,princess.png,queen.png,dolphin.png,drum.png,princess-queen_herself.wav,The princess knew that the queen left a portrait of herself by the table in the room.,Who does 'herself' refer to?,Who does 'herself' refer to? Click on the picture.
filler,mismatch-match,B,111,prince.png,queen.png,dolphin.png,drum.png,prince-queen_himself.wav,The prince knew that the queen left a portrait of himself by the table in the room.,Who does 'himself' refer to?,Who does 'himself' refer to? Click on the picture.
filler,match-match,B,112,hostess.png,waitress.png,giraffe.png,lantern.png,hostess-waitress_herself.wav,The hostess remembered that the waitress kept a painting of herself near the front of the plane.,Who does 'herself' refer to?,Who does 'herself' refer to? Click on the picture.
filler,mismatch-match,A,112,male host.png,waitress.png,giraffe.png,lantern.png,malehost-waitress_himself.wav,The male host remembered that the waitress kept a painting of himself near the front of the plane.,Who does 'himself' refer to?,Who does 'himself' refer to? Click on the picture.
filler,match-match,A,113,groom.png,merman.png,bull.png,hammer.png,groom-merman_himself.wav,The groom recalled that the merman hung a picture of himself in the brand new locker room.,Who does 'himself' refer to?,Who does 'himself' refer to? Click on the picture.
filler,mismatch-match,B,113,bride.png,merman.png,bull.png,hammer.png,bride-merman_herself.wav,The bride recalled that the merman hung a picture of herself in the brand new locker room.,Who does 'herself' refer to?,Who does 'herself' refer to? Click on the picture.
filler,match-match,B,114,merman.png,young boy.png,pigeon.png,laptop.png,merman-youngboy_himself.wav,The merman learned that the young boy kept a photo of himself towards the back of the gym.,Who does 'himself' refer to?,Who does 'himself' refer to? Click on the picture.
filler,mismatch-match,A,114,mermaid.png,young boy.png,pigeon.png,laptop.png,mermaid-youngboy_herself.wav,The mermaid learned that the young boy kept a photo of herself towards the back of the gym.,Who does 'herself' refer to?,Who does 'herself' refer to? Click on the picture.
filler,match-match,A,115,bride.png,old woman.png,cat.png,microwave.png,bride-oldwoman_herself.wav,The bride remembered that the old woman hung a portrait of herself behind a table in the shop.,Who does 'herself' refer to?,Who does 'herself' refer to? Click on the picture.
filler,mismatch-match,B,115,groom.png,old woman.png,cat.png,microwave.png,groom-oldwoman_himself.wav,The groom remembered that the old woman hung a portrait of himself behind a table in the shop.,Who does 'himself' refer to?,Who does 'himself' refer to? Click on the picture.
filler,match-match,B,116,hostess.png,princess.png,polar bear.png,sofa.png,hostess-princess_herself.wav,The hostess recalled that the princess had a painting of herself next to a wheel on the bridge.,Who does 'herself' refer to?,Who does 'herself' refer to? Click on the picture.
filler,mismatch-match,A,116,male host.png,princess.png,polar bear.png,sofa.png,malehost-princess_himself.wav,The male host recalled that the princess had a painting of himself next to a wheel on the bridge.,Who does 'himself' refer to?,Who does 'himself' refer to? Click on the picture.