﻿type,condition,group,item,image1,image2,image3,image4,audio,sentence,question,question_pcibex
target,appos_short,A,1,chefs.png,waitresses.png,singers.png,farmers.png,chefs-appos_short.wav,"The chefs, who seated the waitresses an hour ago, showed their customers how to make cocktails.",Whose customers were shown to make cocktails?,Whose customers were shown to make cocktails? Click on the picture.
target,restr_short,B,1,chefs.png,waitresses.png,singers.png,farmers.png,chefs-restr_short.wav,The chefs who seated the waitresses an hour ago showed their customers how to make cocktails. ,Whose customers were shown to make cocktails?,Whose customers were shown to make cocktails? Click on the picture.
target,appos_short,A,2,researchers.png,professors.png,guitarists.png,policemen.png,researchers-appos_short.wav,"The researchers, who wrote the professors two days ago, greeted their collaborators at the building.  ",Whose collaborators were greeted?,Whose collaborators were greeted? Click on the picture.
target,restr_short,B,2,researchers.png,professors.png,guitarists.png,policemen.png,researchers-restr_short.wav,The researchers who wrote the professors two days ago greeted their collaborators at the building.  ,Whose collaborators were greeted?,Whose collaborators were greeted? Click on the picture.
target,restr_short,A,3,nurses.png,surgeons.png,athletes.png,bartenders.png,nurses-restr_short.wav,The nurses who called the surgeons from afar taught their trainees to use new equipment. ,Whose trainees were taught to use new equipment?,Whose trainees were taught to use new equipment? Click on the picture.
target,appos_short,B,3,nurses.png,surgeons.png,athletes.png,bartenders.png,nurses-appos_short.wav,"The nurses, who called the surgeons from afar, taught their trainees to use new equipment. ",Whose trainees were taught to use new equipment?,Whose trainees were taught to use new equipment? Click on the picture.
target,restr_short,A,4,fishermen.png,farmers.png,priests.png,stewardesses.png,fishermen-restr_short.wav,The fishermen who liked the farmers for a long time told their apprentices to check the weather forecast.,Whose apprentices were told to check the weather forecast?,Whose apprentices were told to check the weather forecast?
target,appos_short,B,4,fishermen.png,farmers.png,priests.png,stewardesses.png,fishermen-appos_short.wav,"The fishermen, who liked the farmers for a long time, told their apprentices to check the weather forecast.",Whose apprentices were told to check the weather forecast?,Whose apprentices were told to check the weather forecast?
target,appos_short,A,5,anchors.png,hairdressers.png,painters.png,attorneys.png,anchors-appos_short.wav,"The anchors, who encountered the hairdressers on Friday, denounced their agents at a fundraising event. ",Whose agents were denounced?,Whose agents were denounced? Click on the picture.
target,restr_short,B,5,anchors.png,hairdressers.png,painters.png,attorneys.png,anchors-restr_short.wav,The anchors who encountered the hairdressers on Friday denounced their agents at a fundraising event. ,Whose agents were denounced?,Whose agents were denounced? Click on the picture.
target,appos_short,A,6,writers.png,directors.png,archers.png,engineers.png,writers-appos_short.wav,"The writers, who met the directors a long time ago, criticized their investors for making unethical choices. ",Whose investors were criticized?,Whose investors were criticized? Click on the picture.
target,restr_short,B,6,writers.png,directors.png,archers.png,engineers.png,writers-restr_short.wav,The writers who met the directors a long time ago criticized their investors for making unethical choices. ,Whose investors were criticized?,Whose investors were criticized? Click on the picture.
target,restr_short,A,7,athletes.png,referees.png,dancers.png,tourists.png,athletes-restr_short.wav,The athletes who despised the referees for years hit their colleagues on the face.  ,Whose colleagues were hit on the face?,Whose colleagues were hit on the face? Click on the picture.
target,appos_short,B,7,athletes.png,referees.png,dancers.png,tourists.png,athletes-appos_short.wav,"The athletes, who despised the referees for years, hit their colleagues on the face.  ",Whose colleagues were hit on the face?,Whose colleagues were hit on the face? Click on the picture.
target,restr_short,A,8,tourists.png,sailors.png,violinists.png,directors.png,tourists-restr_short.wav,The tourists who followed the sailors for days emailed their friends after the trip.  ,Whose friends were emailed after the trip?,Whose friends were emailed after the trip? Click on the picture.
target,appos_short,B,8,tourists.png,sailors.png,violinists.png,directors.png,tourists-appos_short.wav,"The tourists, who followed the sailors for days, emailed their friends after the trip.  ",Whose friends were emailed after the trip?,Whose friends were emailed after the trip? Click on the picture.
target,appos_short,A,9,florists.png,ballerinas.png,photographers.png,jugglers.png,florists-appos_short.wav,"The florists, who adored the ballerinas during the performance, patted their dogs on the back.",Whose dogs were patted?,Whose dogs were patted? Click on the picture.
target,restr_short,B,9,florists.png,ballerinas.png,photographers.png,jugglers.png,florists-restr_short.wav,The florists who adored the ballerinas during the performance patted their dogs on the back.,Whose dogs were patted?,Whose dogs were patted? Click on the picture.
target,appos_short,A,10,stewardesses.png,pilots.png,ballerinas.png,students.png,stewardesses-appos_short.wav,"The stewardesses, who welcomed the pilots in the morning, gave their passengers a big smile.  ",Whose passengers were given a big smile?,Whose passengers were given a big smile? Click on the picture.
target,restr_short,B,10,stewardesses.png,pilots.png,ballerinas.png,students.png,stewardesses-restr_short.wav,The stewardesses who welcomed the pilots in the morning gave their passengers a big smile.  ,Whose passengers were given a big smile?,Whose passengers were given a big smile? Click on the picture.
target,restr_short,A,11,wrestlers.png,gymnasts.png,doctors.png,professors.png,wrestlers-restr_short.wav,The wrestlers who supported the gymnasts during the tournament comforted their parents after the world championships. ,Whose parents were comforted?,Whose parents were comforted? Click on the picture.
target,appos_short,B,11,wrestlers.png,gymnasts.png,doctors.png,professors.png,wrestlers-appos_short.wav,"The wrestlers, who supported the gymnasts during the tournament, comforted their parents after the world championships. ",Whose parents were comforted?,Whose parents were comforted? Click on the picture.
target,restr_short,A,12,mechanics.png,astronauts.png,patients.png,architects.png,mechanics-restr_short.wav,The mechanics who advised the astronauts from a distance asked their managers for additional funding support. ,Whose managers were asked for funding support?,Whose managers were asked for funding support? Click on the picture.
target,appos_short,B,12,mechanics.png,astronauts.png,patients.png,architects.png,mechanics-appos_short.wav,"The mechanics, who advised the astronauts from a distance, asked their managers for additional funding support. ",Whose managers were asked for funding support?,Whose managers were asked for funding support? Click on the picture.
target,appos_short,A,13,runners.png,surfers.png,cyclists.png,cowboys.png,runners-appos_short.wav,"The runners, who loved the surfers throughout the season, convinced their partners to join the sports club.",Whose partners were convinced to join the sports club?,Whose partners were convinced to join the sports club? Click on the picture.
target,restr_short,B,13,runners.png,surfers.png,cyclists.png,cowboys.png,runners-restr_short.wav,The runners who loved the surfers throughout the season convinced their partners to join the sports club.,Whose partners were convinced to join the sports club?,Whose partners were convinced to join the sports club? Click on the picture.
target,appos_short,A,14,guitarists.png,dancers.png,gardeners.png,dentists.png,guitarists-appos_short.wav,"The guitarists, who kissed the dancers during the festival, hugged their fans at the festival.  ",Whose fans were hugged?,Whose fans were hugged? Click on the picture.
target,restr_short,B,14,guitarists.png,dancers.png,gardeners.png,dentists.png,guitarists-restr_short.wav,The guitarists who kissed the dancers during the festival hugged their fans at the festival.  ,Whose fans were hugged?,Whose fans were hugged? Click on the picture.
target,restr_short,A,15,librarians.png,teachers.png,janitors.png,swimmers.png,librarians-restr_short.wav,The librarians who liked the teachers without a reason had their children come play games at school.,Whose children came to play games?,Whose children came to play games? Click on the picture.
target,appos_short,B,15,librarians.png,teachers.png,janitors.png,swimmers.png,librarians-appos_short.wav,"The librarians, who liked the teachers without a reason, had their children come play games at school.",Whose children came to play games?,Whose children came to play games? Click on the picture.
target,restr_short,A,16,priests.png,monks.png,gymnasts.png,welders.png,priests-restr_short.wav,The priests who thanked the monks several times called their followers to join the event. ,Whose followers were called?,Whose followers were called? Click on the picture.
target,appos_short,B,16,priests.png,monks.png,gymnasts.png,welders.png,priests-appos_short.wav,"The priests, who thanked the monks several times, called their followers to join the event. ",Whose followers were called?,Whose followers were called? Click on the picture.