﻿type,condition,group,item,image1,image2,image3,image4,audio,sentence,question,question_pcibex
target,appos_short,B,17,singers.png,violinists.png,detectives.png,teachers.png,singers-appos_short.wav,"The singers, who admired the violinists for many years, invited their mentors to the party.  ",Whose mentors were invited?,Whose mentors were invited? Click on the picture.
target,restr_short,A,17,singers.png,violinists.png,detectives.png,teachers.png,singers-restr_short.wav,The singers who admired the violinists for many years invited their mentors to the party.  ,Whose mentors were invited?,Whose mentors were invited? Click on the picture.
target,appos_short,B,18,dentists.png,pharmacists.png,sailors.png,surfers.png,dentists-appos_short.wav,"The dentists, who hated the pharmacists for no cause, bothered their counselors with lots of questions. ",Whose counselors were bothered?,Whose counselors were bothered? Click on the picture.
target,restr_short,A,18,dentists.png,pharmacists.png,sailors.png,surfers.png,dentists-restr_short.wav,The dentists who hated the pharmacists for no cause bothered their counselors with lots of questions. ,Whose counselors were bothered?,Whose counselors were bothered? Click on the picture.
target,appos_short,B,19,skaters.png,boxers.png,hikers.png,referees.png,skaters-appos_short.wav,"The skaters, who met the boxers around noon, congratulated their coaches for winning the competition. ",Whose coaches were congratulated?,Whose coaches were congratulated? Click on the picture.
target,restr_short,A,19,skaters.png,boxers.png,hikers.png,referees.png,skaters-restr_short.wav,The skaters who met the boxers around noon congratulated their coaches for winning the competition. ,Whose coaches were congratulated?,Whose coaches were congratulated? Click on the picture.
target,appos_short,B,20,janitors.png,gardeners.png,children.png,wrestlers.png,janitors-appos_short.wav,"The janitors, who tickled the gardeners all day, embarrassed their co-workers in front of many people.",Whose co-workers were embarrassed?,Whose co-workers were embarrassed? Click on the picture.
target,restr_short,A,20,janitors.png,gardeners.png,children.png,wrestlers.png,janitors-restr_short.wav,The janitors who tickled the gardeners all day embarrassed their co-workers in front of many people.,Whose co-workers were embarrassed?,Whose co-workers were embarrassed? Click on the picture.
target,appos_short,B,21,cowboys.png,bartenders.png,magicians.png,researchers.png,cowboys-appos_short.wav,"The cowboys, who trusted the bartenders for no reason, persuaded their cousins to go on a hike.",Whose cousins were persuaded to go on a hike?,Whose cousins were persuaded to go on a hike? Click on the picture.
target,restr_short,A,21,cowboys.png,bartenders.png,magicians.png,researchers.png,cowboys-restr_short.wav,The cowboys who trusted the bartenders for no reason persuaded their cousins to go on a hike.,Whose cousins were persuaded to go on a hike?,Whose cousins were persuaded to go on a hike? Click on the picture.
target,appos_short,B,22,photographers.png,cyclists.png,boxers.png,waitresses.png,photographers-appos_short.wav,"The photographers, who disliked the cyclists without any reasons, mailed their peers to complain about the situation.",Whose peers were mailed?,Whose peers were mailed? Click on the picture.
target,restr_short,A,22,photographers.png,cyclists.png,boxers.png,waitresses.png,photographers-restr_short.wav,The photographers who disliked the cyclists without any reasons mailed their peers to complain about the situation.,Whose peers were mailed?,Whose peers were mailed? Click on the picture.
target,appos_short,B,23,coaches.png,attorneys.png,runners.png,surgeons.png,coaches-appos_short.wav,"The coaches, who surprised the attorneys during the trial, ignored their assistants at the ceremonial event. ",Whose assistants were ignored?,Whose assistants were ignored? Click on the picture.
target,restr_short,A,23,coaches.png,attorneys.png,runners.png,surgeons.png,coaches-restr_short.wav,The coaches who surprised the attorneys during the trial ignored their assistants at the ceremonial event. ,Whose assistants were ignored?,Whose assistants were ignored? Click on the picture.
target,appos_short,B,24,detectives.png,policemen.png,chefs.png,florists.png,detectives-appos_short.wav,"The detectives, who believed the policemen without justification, updated their supervisors with the investigation situation. ",Whose supervisors were updated with the investigation situation?,Whose supervisors were updated with the situation?
target,restr_short,A,24,detectives.png,policemen.png,chefs.png,florists.png,detectives-restr_short.wav,The detectives who believed the policemen without justification updated their supervisors with the investigation situation. ,Whose supervisors were updated with the investigation situation?,Whose supervisors were updated with the situation?
target,appos_short,B,25,hikers.png,welders.png,writers.png,skaters.png,hikers-appos_short.wav,"The hikers, who hugged the welders last night, annoyed their landlords at the courtroom.  ",Whose landlords were annoyed?,Whose landlords were annoyed? Click on the picture.
target,restr_short,A,25,hikers.png,welders.png,writers.png,skaters.png,hikers-restr_short.wav,The hikers who hugged the welders last night annoyed their landlords at the courtroom.  ,Whose landlords were annoyed?,Whose landlords were annoyed? Click on the picture.
target,appos_short,B,26,doctors.png,patients.png,musicians.png,astronauts.png,doctors-appos_short.wav,"The doctors, who respected the patients during consultations, told their families funny hospital stories.  ",Whose families were told funny stories?,Whose families were told funny stories? Click on the picture.
target,restr_short,A,26,doctors.png,patients.png,musicians.png,astronauts.png,doctors-restr_short.wav,The doctors who respected the patients during consultations told their families funny hospital stories.  ,Whose families were told funny stories?,Whose families were told funny stories? Click on the picture.
target,appos_short,B,27,musicians.png,painters.png,firefighters.png,coaches.png,musicians-appos_short.wav,"The musicians, who revered the painters throughout the year, nominated their sponsors for the annual award. ",Whose sponsors were nominated for the award?,Whose sponsors were nominated for the award? Click on the picture.
target,restr_short,A,27,musicians.png,painters.png,firefighters.png,coaches.png,musicians-restr_short.wav,The musicians who revered the painters throughout the year nominated their sponsors for the annual award. ,Whose sponsors were nominated for the award?,Whose sponsors were nominated for the award? Click on the picture.
target,appos_short,B,28,students.png,children.png,nurses.png,monks.png,students-appos_short.wav,"The students, who escorted the children after class, surprised their siblings with exciting news.  ",Whose siblings were surprised?,Whose siblings were surprised? Click on the picture.
target,restr_short,A,28,students.png,children.png,nurses.png,monks.png,students-restr_short.wav,The students who escorted the children after class surprised their siblings with exciting news.  ,Whose siblings were surprised?,Whose siblings were surprised? Click on the picture.
target,appos_short,B,29,engineers.png,architects.png,pharmacists.png,anchors.png,engineers-appos_short.wav,"The engineers, who contacted the architects after lunch, informed their clients of some confidential information. ",Whose clients were informed of the confidential information?,Whose clients were informed of the confidential information?
target,restr_short,A,29,engineers.png,architects.png,pharmacists.png,anchors.png,engineers-restr_short.wav,The engineers who contacted the architects after lunch informed their clients of some confidential information. ,Whose clients were informed of the confidential information?,Whose clients were informed of the confidential information?
target,appos_short,B,30,soldiers.png,firefighters.png,fishermen.png,mechanics.png,soldiers-appos_short.wav,"The soldiers, who assisted the firefighters during the day, joined their crew entering the collapsing building. ",Whose crew were joined entering the collapsing building?,Whose crew were joined entering the building? Click on the picture.
target,restr_short,A,30,soldiers.png,firefighters.png,fishermen.png,mechanics.png,soldiers-restr_short.wav,The soldiers who assisted the firefighters during the day joined their crew entering the collapsing building. ,Whose crew were joined entering the collapsing building?,Whose crew were joined entering the building? Click on the picture.
target,appos_short,B,31,magicians.png,jugglers.png,librarians.png,hairdressers.png,magicians-appos_short.wav,"The magicians, who liked the jugglers without explanation, brought their relatives to watch the show. ",Whose relatives were brought to watch the snow?,Whose relatives were brought to watch the snow? Click on the picture.
target,restr_short,A,31,magicians.png,jugglers.png,librarians.png,hairdressers.png,magicians-restr_short.wav,The magicians who liked the jugglers without explanation brought their relatives to watch the show. ,Whose relatives were brought to watch the snow?,Whose relatives were brought to watch the snow? Click on the picture.
target,appos_short,B,32,archers.png,swimmers.png,pilots.png,soldiers.png,archers-appos_short.wav,"The archers, who saw the swimmers along the way, thanked their teammates after the competition.  ",Whose teammates were thanked?,Whose teammates were thanked? Click on the picture.
target,restr_short,A,32,archers.png,swimmers.png,pilots.png,soldiers.png,archers-restr_short.wav,The archers who saw the swimmers along the way thanked their teammates after the competition.  ,Whose teammates were thanked?,Whose teammates were thanked? Click on the picture.