﻿type,condition,group,item,image1,image2,image3,image4,audio,sentence,question,question_pcibex
filler,match-match,A,117,prince.png,male host.png,catfish.png,whistle.png,prince-malehost_himself.wav,The prince noticed that the male host was nicer than himself to most strangers.,Who does 'himself' refer to?,Who does 'himself' refer to? Click on the picture.
filler,mismatch-match,B,117,princess.png,male host.png,catfish.png,whistle.png,princess-malehost_herself.wav,The princess noticed that the male host was nicer than herself to most strangers.,Who does 'herself' refer to?,Who does 'herself' refer to? Click on the picture.
filler,match-match,B,118,king.png,male waiter.png,fox.png,umbrella.png,king-malewaiter_himself.wav,The king claimed that the male waiter was taller than himself by six inches.,Who does 'himself' refer to?,Who does 'himself' refer to? Click on the picture.
filler,mismatch-match,A,118,queen.png,male waiter.png,fox.png,umbrella.png,queen-malewaiter_herself.wav,The queen claimed that the male waiter was taller than herself by six inches.,Who does 'herself' refer to?,Who does 'herself' refer to? Click on the picture.
filler,match-match,A,119,young girl.png,old woman.png,bison.png,sunflower.png,younggirl-oldwoman_herself.wav,The young girl mentioned that the old woman was shorter than herself by four inches.,Who does 'herself' refer to?,Who does 'herself' refer to? Click on the picture.
filler,mismatch-match,B,119,young boy.png,old woman.png,bison.png,sunflower.png,youngboy-oldwoman_himself.wav,The young boy mentioned that the old woman was shorter than himself by four inches.,Who does 'himself' refer to?,Who does 'himself' refer to? Click on the picture.
filler,match-match,B,120,queen.png,princess.png,wolf.png,teapot.png,queen-princess_herself.wav,The queen knew that the princess was lighter than herself by ten pounds.,Who does 'herself' refer to?,Who does 'herself' refer to? Click on the picture.
filler,mismatch-match,A,120,king.png,princess.png,wolf.png,teapot.png,king-princess_himself.wav,The king knew that the princess was lighter than himself by ten pounds.,Who does 'himself' refer to?,Who does 'himself' refer to? Click on the picture.
filler,match-match,A,121,male waiter.png,male host.png,elephant.png,wagon.png,malewaiter-malehost_himself.wav,The male waiter remembered that the male host was heavier than himself by twenty pounds.,Who does 'himself' refer to?,Who does 'himself' refer to? Click on the picture.
filler,mismatch-match,B,121,waitress.png,male host.png,elephant.png,wagon.png,waitress-malehost_herself.wav,The waitress remembered that the male host was heavier than herself by twenty pounds.,Who does 'herself' refer to?,Who does 'herself' refer to? Click on the picture.
filler,match-match,B,122,merman.png,groom.png,poodle.png,pizza.png,merman-groom_himself.wav,The merman said that the groom was meaner than himself to the students.,Who does 'himself' refer to?,Who does 'himself' refer to? Click on the picture.
filler,mismatch-match,A,122,merman.png,groom.png,poodle.png,pizza.png,merman-groom_herself.wav,The mermaid said that the groom was meaner than herself to the students.,Who does 'herself' refer to?,Who does 'herself' refer to? Click on the picture.
filler,match-match,A,123,young girl.png,mermaid.png,donkey.png,waffle.png,younggirl-mermaid_herself.wav,The young girl saw that the mermaid was better than herself at math problems.,Who does 'herself' refer to?,Who does 'herself' refer to? Click on the picture.
filler,mismatch-match,B,123,young boy.png,mermaid.png,donkey.png,waffle.png,youngboy-mermaid_himself.wav,The young boy saw that the mermaid was better than himself at math problems.,Who does 'himself' refer to?,Who does 'himself' refer to? Click on the picture.
filler,match-match,B,124,old woman.png,bride.png,llama.png,pot.png,oldwoman-bride_herself.wav,The old woman heard that the bride was worse than herself at taking tests.,Who does 'herself' refer to?,Who does 'herself' refer to? Click on the picture.
filler,mismatch-match,A,124,old man.png,bride.png,llama.png,pot.png,oldman-bride_himself.wav,The old man heard that the bride was worse than himself at taking tests.,Who does 'himself' refer to?,Who does 'himself' refer to? Click on the picture.
filler,match-match,A,125,groom.png,old man.png,lion.png,bucket.png,groom-oldman_himself.wav,The groom said that the old man had seen a snake near himself in the bushes.,Who does 'himself' refer to?,Who does 'himself' refer to? Click on the picture.
filler,mismatch-match,B,125,bride.png,old man.png,lion.png,bucket.png,bride-oldman_herself.wav,The bride said that the old man had seen a snake near herself in the bushes.,Who does 'herself' refer to?,Who does 'herself' refer to? Click on the picture.
filler,match-match,B,126,male host.png,prince.png,lizard.png,jacket.png,malehost-prince_himself.wav,The male host claimed that the prince had found a gun near himself in a paper bag.,Who does 'himself' refer to?,Who does 'himself' refer to? Click on the picture.
filler,mismatch-match,A,126,hostess.png,prince.png,lizard.png,jacket.png,hostess-prince_herself.wav,The hostess claimed that the prince had found a gun near herself in a paper bag.,Who does 'herself' refer to?,Who does 'herself' refer to? Click on the picture.
filler,match-match,A,127,waitress.png,queen.png,crow.png,basket.png,waitress-queen_herself.wav,The waitress mentioned that the queen had pulled the blanket over herself before going to bed.,Who does 'herself' refer to?,Who does 'herself' refer to? Click on the picture.
filler,mismatch-match,B,127,male waiter.png,queen.png,crow.png,basket.png,malewaiter-queen_himself.wav,The male waiter mentioned that the queen had pulled the blanket over himself before going to bed.,Who does 'himself' refer to?,Who does 'himself' refer to? Click on the picture.
filler,match-match,B,128,old woman.png,young girl.png,panda.png,bathtub.png,oldwoman-younggirl_herself.wav,The old woman knew that the young girl had hauled the suitcase towards herself while unloading the bags.,Who does 'herself' refer to?,Who does 'herself' refer to? Click on the picture.
filler,mismatch-match,A,128,old man.png,young girl.png,panda.png,bathtub.png,oldman-younggirl_himself.wav,The old man knew that the young girl had hauled the suitcase towards himself while unloading the bags.,Who does 'himself' refer to?,Who does 'himself' refer to? Click on the picture.
filler,match-match,A,129,prince.png,king.png,camel.png,fork.png,prince-king_himself.wav,The prince remembered that the king had rolled the carpet around himself to stay warm.,Who does 'himself' refer to?,Who does 'himself' refer to? Click on the picture.
filler,mismatch-match,B,129,princess.png,king.png,camel.png,fork.png,princess-king_herself.wav,The princess remembered that the king had rolled the carpet around herself to stay warm.,Who does 'herself' refer to?,Who does 'herself' refer to? Click on the picture.
filler,match-match,B,130,male host.png,male waiter.png,whale.png,cutting board.png,malehost-malewaiter_himself.wav,The male host thought that the male waiter had spoken about himself at the meeting.,Who does 'himself' refer to?,Who does 'himself' refer to? Click on the picture.
filler,mismatch-match,A,130,hostess.png,male waiter.png,whale.png,cutting board.png,hostess-malewaiter_herself.wav,The hostess thought that the male waiter had spoken about herself at the meeting.,Who does 'herself' refer to?,Who does 'herself' refer to? Click on the picture.
filler,match-match,A,131,bride.png,mermaid.png,bat.png,muffin.png,bride-mermaid_herself.wav,The bride saw that the mermaid had pushed the stroller ahead of herself at the playground.,Who does 'herself' refer to?,Who does 'herself' refer to? Click on the picture.
filler,mismatch-match,B,131,groom.png,mermaid.png,bat.png,muffin.png,groom-mermaid_himself.wav,The groom saw that the mermaid had pushed the stroller ahead of himself at the playground.,Who does 'himself' refer to?,Who does 'himself' refer to? Click on the picture.
filler,match-match,B,132,mermaid.png,young girl.png,parrot.png,skateboard.png,mermaid-younggirl_herself.wav,The mermaid heard that the young girl had drawn mistrust upon herself by acting suspiciously.,Who does 'herself' refer to?,Who does 'herself' refer to? Click on the picture.
filler,mismatch-match,A,132,merman.png,young girl.png,parrot.png,skateboard.png,merman-younggirl_himself.wav,The merman heard that the young girl had drawn mistrust upon himself by acting suspiciously.,Who does 'himself' refer to?,Who does 'himself' refer to? Click on the picture.